-- Enable UUID extension if not already enabled
CREATE EXTENSION IF NOT EXISTS "uuid-ossp";

-- ============================================
-- 1. Create Missing Tables (Collectibles System)
-- ============================================

CREATE TABLE IF NOT EXISTS collection_sets (
  id UUID DEFAULT uuid_generate_v4() PRIMARY KEY,
  title TEXT NOT NULL,
  reward TEXT,
  total_items INTEGER DEFAULT 0,
  created_at TIMESTAMP WITH TIME ZONE DEFAULT timezone('utc'::text, now()) NOT NULL
);

CREATE TABLE IF NOT EXISTS collectibles (
  id UUID DEFAULT uuid_generate_v4() PRIMARY KEY,
  name TEXT NOT NULL,
  image_url TEXT, -- simplified from 'image' which was a class in TS
  requirement TEXT,
  lore TEXT,
  rarity TEXT, -- 'Common', 'Uncommon', etc.
  type TEXT,
  generation TEXT,
  found_in TEXT,
  set_id UUID REFERENCES collection_sets(id) ON DELETE SET NULL,
  related_achievement_id UUID REFERENCES achievements(id) ON DELETE SET NULL,
  created_at TIMESTAMP WITH TIME ZONE DEFAULT timezone('utc'::text, now()) NOT NULL
);

ALTER TABLE collection_sets ENABLE ROW LEVEL SECURITY;
ALTER TABLE collectibles ENABLE ROW LEVEL SECURITY;

-- Public read access
DROP POLICY IF EXISTS "Public Read Collection Sets" ON collection_sets;
CREATE POLICY "Public Read Collection Sets" ON collection_sets FOR SELECT USING (true);

DROP POLICY IF EXISTS "Public Read Collectibles" ON collectibles;
CREATE POLICY "Public Read Collectibles" ON collectibles FOR SELECT USING (true);

-- ============================================
-- 2. Seed Products
-- ============================================

-- Deleting existing test products to ensure clean slate or upserting
-- Using specific UUIDs to allow referencing in book_codes
INSERT INTO products (id, title, subtitle, description, price, discount_percent, category, difficulty, age, color, accent, is_published)
VALUES
  ('10000000-0000-0000-0000-000000000001', 'VINTAGE', 'Vacuum Pups', 'A nostalgic journey into the world of retro-futuristic household companions. Vacuum Pups explores the bond between machines and their canine counterparts in a 1950s atomic age setting.', 12.00, 0, 'VINTAGE', 2, 'All Ages', 'bg-[#e76f51]', 'bg-[#264653]', true),
  ('10000000-0000-0000-0000-000000000002', 'SCI-FI', 'Star Drifter', 'Drift through the cosmos with this intricate collection of starships, space stations, and alien landscapes. Designed for advanced colorists seeking a challenge.', 15.00, 0, 'SCI-FI', 4, 'Teens+', 'bg-[#2a9d8f]', 'bg-[#e9c46a]', true),
  ('10000000-0000-0000-0000-000000000003', 'HORROR', 'Night Terror', 'Face your fears. A collection of nightmares and eldritch horrors generated by the machine mind. Not for the faint of heart.', 6.66, 0, 'HORROR', 5, 'Adults', 'bg-[#1a1a1a]', 'bg-[#e63946]', true),
  ('10000000-0000-0000-0000-000000000004', 'FANTASY', 'Realm Walker', 'Step into a realm of magic and mystery. Knights, dragons, and ancient ruins await your creative touch.', 14.00, 0, 'FANTASY', 3, 'Teens+', 'bg-[#457b9d]', 'bg-[#a8dadc]', true),
  ('10000000-0000-0000-0000-000000000005', 'NOSTALGIA', 'Retrowave', 'Synthesizers, neon lights, and fast cars. Relive the 80s with this vibrant collection of retrowave aesthetics.', 11.00, 0, 'NOSTALGIA', 1, 'All Ages', 'bg-[#f4a261]', 'bg-[#2a9d8f]', true),
  ('10000000-0000-0000-0000-000000000006', 'CLASSICS', 'The Origin', 'Where it all began. The original sketches and concepts that started the Machine Brain project.', 18.00, 0, 'CLASSICS', 3, 'All Ages', 'bg-[#6d597a]', 'bg-[#b56576]', true),
  ('10000000-0000-0000-0000-000000000007', 'MECHA', 'Iron Giant', 'Giant robots and mechanical marvels. Highly detailed schematics and battle scenes for the mecha enthusiast.', 16.00, 0, 'SCI-FI', 5, 'Teens+', 'bg-[#2b2d42]', 'bg-[#8d99ae]', true),
  ('10000000-0000-0000-0000-000000000008', 'BOTANICAL', 'Flora', 'Explore the synthetic flora of a terraformed world. Alien plants and bio-mechanical flowers.', 13.00, 0, 'NATURE', 2, 'All Ages', 'bg-[#006d77]', 'bg-[#83c5be]', true),
  ('10000000-0000-0000-0000-000000000009', 'HOLIDAY', 'Cosmic Xmas', 'Celebrate the season with our exclusive holiday coloring collection. The perfect digital detox gift for you and your loved ones featuring festive sci-fi landscapes.', 15.00, 0, 'HOLIDAY', 3, 'All Ages', 'bg-[#e63946]', 'bg-[#2a9d8f]', true)
ON CONFLICT (id) DO UPDATE SET
  title = EXCLUDED.title,
  subtitle = EXCLUDED.subtitle,
  price = EXCLUDED.price,
  description = EXCLUDED.description,
  is_published = true;

-- ============================================
-- 3. Seed Achievements
-- ============================================

INSERT INTO achievements (id, title, description, icon, target_value, is_secret, trigger_type, trigger_config)
VALUES
  ('20000000-0000-0000-0000-000000000001', 'First Splash', 'Submitted your first colored page.', 'brush', 1, false, 'submission_count', '{"count": 1}'),
  ('20000000-0000-0000-0000-000000000002', 'Collection Hunter', 'Completed your first collectible set.', 'trophy', 1, false, 'set_completion', '{"count": 1}'),
  ('20000000-0000-0000-0000-000000000003', 'Speed Demon', 'Submitted 5 pages in a single day.', 'zap', 5, false, 'daily_submission_count', '{"count": 5}'),
  ('20000000-0000-0000-0000-000000000004', 'Master Colorist', 'Submitted 50 colored pages total.', 'star', 50, false, 'submission_count', '{"count": 50}'),
  ('20000000-0000-0000-0000-000000000005', 'Early Adopter', 'Joined during the beta phase.', 'code', 1, true, 'beta_user', '{}'),
  ('20000000-0000-0000-0000-000000000006', 'Neon Nights', 'Color 10 Cyberpunk themed pages.', 'brush', 10, false, 'theme_submission', '{"theme": "Cyberpunk", "count": 10}'),
  ('20000000-0000-0000-0000-000000000007', 'Pixel Perfect', 'Use the pixel brush on 20 different regions.', 'brush', 20, false, 'tool_usage', '{"tool": "pixel_brush", "count": 20}'),
  ('20000000-0000-0000-0000-000000000008', 'Social Butterfly', 'Share 5 colored pages to the community gallery.', 'star', 5, false, 'share_count', '{"count": 5}'),
  ('20000000-0000-0000-0000-000000000009', 'Night Owl', 'Submit a page between 2AM and 5AM local time.', 'zap', 1, false, 'time_submission', '{"start": "02:00", "end": "05:00"}'),
  ('20000000-0000-0000-0000-000000000010', 'Weekend Warrior', 'Submit pages on 4 consecutive weekends.', 'trophy', 4, false, 'streak_weekend', '{"count": 4}')
ON CONFLICT (id) DO UPDATE SET
  title = EXCLUDED.title,
  description = EXCLUDED.description;

-- ============================================
-- 4. Seed Collection Sets & Collectibles
-- ============================================

-- Set 1: Vacuum Pups
INSERT INTO collection_sets (id, title, reward, total_items)
VALUES ('40000000-0000-0000-0000-000000000001', 'Vacuum Pups', 'Mecha-Pup Trophy', 4)
ON CONFLICT (id) DO NOTHING;

-- Set 2: Star Drifter
INSERT INTO collection_sets (id, title, reward, total_items)
VALUES ('40000000-0000-0000-0000-000000000002', 'Star Drifter', 'Galactic Cruiser Model', 5)
ON CONFLICT (id) DO NOTHING;

-- Items for Vacuum Pups
INSERT INTO collectibles (id, name, image_url, requirement, lore, rarity, type, generation, found_in, set_id, related_achievement_id)
VALUES
  ('30000000-0000-0000-0000-000000000001', 'Rover-X', 'bg-orange-500', 'Code: DOG', 'The Rover-X was the first autonomous cleaning unit to feature Happy-Wag tail technology.', 'Common', 'Companion', 'Gen-1', 'Sector 7: Residential', '40000000-0000-0000-0000-000000000001', NULL),
  ('30000000-0000-0000-0000-000000000002', 'Cyber-Spaniel', 'bg-blue-500', 'Complete First Splash achievement', 'Engineered for aquatic environments, features hydrophobic synthetic fur.', 'Uncommon', 'Amphibious', 'Gen-2', 'Sector 3: Docks', '40000000-0000-0000-0000-000000000001', '20000000-0000-0000-0000-000000000001'),
  ('30000000-0000-0000-0000-000000000003', 'Atomic-Poodle', 'bg-green-500', 'Submit 5 pages', 'A high-maintenance unit requiring uranium-enriched kibble.', 'Rare', 'Luxury', 'Gen-2', 'Sector 1: High City', '40000000-0000-0000-0000-000000000001', NULL),
  ('30000000-0000-0000-0000-000000000004', 'Quantum-Bulldog', 'bg-purple-500', 'Code: QUANTUM', 'Existing simultaneously in the living room and the kitchen.', 'Legendary', 'Temporal', 'Gen-X', 'Sector 0: The Void', '40000000-0000-0000-0000-000000000001', NULL)
ON CONFLICT (id) DO NOTHING;

-- Items for Star Drifter
INSERT INTO collectibles (id, name, image_url, requirement, lore, rarity, type, generation, found_in, set_id)
VALUES
  ('30000000-0000-0000-0000-000000000005', 'Alpha-Wing', 'bg-red-500', 'Reach Level 5', 'The standard issue interceptor for the Galactic Federation.', 'Common', 'Interceptor', 'Mk-I', 'Orbital Station Alpha', '40000000-0000-0000-0000-000000000002'),
  ('30000000-0000-0000-0000-000000000006', 'Beta-Destroyer', 'bg-yellow-500', 'Color 3 Space pages', 'A heavy-duty mining vessel repurposed for asteroid defense.', 'Uncommon', 'Heavy', 'Mk-II', 'Asteroid Belt', '40000000-0000-0000-0000-000000000002'),
  ('30000000-0000-0000-0000-000000000007', 'Gamma-Scout', 'bg-cyan-500', 'Find hidden link', 'A long-range reconnaissance ship capable of FTL jumps.', 'Rare', 'Scout', 'Mk-III', 'Deep Space', '40000000-0000-0000-0000-000000000002'),
  ('30000000-0000-0000-0000-000000000008', 'Delta-Cruiser', 'bg-pink-500', 'Share 10 pages', 'A luxury liner for the stars.', 'Epic', 'Luxury', 'Mk-IV', 'Neon City Spaceport', '40000000-0000-0000-0000-000000000002'),
  ('30000000-0000-0000-0000-000000000009', 'Omega-Station', 'bg-indigo-500', 'Complete Set 1', 'A mobile space fortress powered by a harnessed black hole.', 'Legendary', 'Station', 'Mk-V', 'Galactic Center', '40000000-0000-0000-0000-000000000002')
ON CONFLICT (id) DO NOTHING;

-- ============================================
-- 5. Seed Stories
-- ============================================

INSERT INTO stories (id, title, synopsis, content, is_published)
VALUES
  ('50000000-0000-0000-0000-000000000001', 'The Signal', 'A strange transmission received from Sector 7.', 
   '[
      {"id": "start", "content": "You receive a strange signal on your terminal. It repeats a sequence of numbers.", "choices": [{"text": "Decode it", "nextNodeId": "decode"}, {"text": "Ignore it", "nextNodeId": "ignore"}]},
      {"id": "decode", "content": "The numbers translate to coordinates in the High City. Do you investigate?", "choices": [{"text": "Go to High City", "nextNodeId": "high_city"}, {"text": "Stay home", "nextNodeId": "ignore"}]},
      {"id": "high_city", "content": "You find a hidden datapad with a code: TEST-SIGNAL.", "type": "ending", "choices": []},
      {"id": "ignore", "content": "The signal fades and you go back to your coloring. The end.", "type": "ending", "choices": []}
   ]'::jsonb, 
   true),
  ('50000000-0000-0000-0000-000000000002', 'Neon Dreams', 'Lost in the digital expanse of the Neural Network.', 
   '[{"id": "start", "content": "The neon lights of the city are blinding tonight.", "choices": []}]'::jsonb, 
   true)
ON CONFLICT (id) DO UPDATE SET title = EXCLUDED.title, content = EXCLUDED.content;

-- ============================================
-- 6. Seed Book Codes
-- ============================================

INSERT INTO book_codes (code, product_id, unlocks_type, unlocks_id, is_active)
VALUES
  ('DOG', '10000000-0000-0000-0000-000000000001', 'collectible', '30000000-0000-0000-0000-000000000001', true), -- Unlocks Rover-X, linked to Vacuum Pups book
  ('QUANTUM', '10000000-0000-0000-0000-000000000001', 'collectible', '30000000-0000-0000-0000-000000000004', true), -- Unlocks Quantum-Bulldog
  ('TEST-SIGNAL', NULL, 'story', '50000000-0000-0000-0000-000000000001', true), -- Unlocks "The Signal" story
  ('STAR-1', '10000000-0000-0000-0000-000000000002', 'achievement', '20000000-0000-0000-0000-000000000003', true), -- Unlocks Speed Demon (example)
  ('SECRET-X', NULL, 'collectible', '30000000-0000-0000-0000-000000000007', true) -- Unlocks Gamma-Scout
ON CONFLICT (code) DO NOTHING;


